gen_name|name_BIT|name_EXMO|name_HTX|name_OKX|name_MEXC|count_none
SKEBUSDT|None|None|skebusdt|SKEB-USDT|None|3
ELONUSDT|None|None|elonusdt|ELON-USDT|ELONUSDT|2
ERNUSDT|None|None|ernusdt|ERN-USDT|None|3
WOOUSDT|None|None|woousdt|WOO-USDT|WOOUSDT|2
ILVUSDT|None|None|None|ILV-USDT|ILVUSDT|3
MULTIUSDT|None|None|multiusdt|None|MULTIUSDT|3
ZCXUSDT|None|None|zcxusdt|None|ZCXUSDT|3
ANKRUSDT|None|None|ankrusdt|None|ANKRUSDT|3
IOTAUSDT|None|None|iotausdt|IOTA-USDT|None|3
BSVBTC|None|None|bsvbtc|BSV-BTC|None|3
SYSUSDT|None|None|sysusdt|None|SYSUSDT|3
DASHUSDT|None|DASH_USDT|dashusdt|None|DASHUSDT|2
TAMAUSDT|TAMA-USDT|None|None|TAMA-USDT|TAMAUSDT|2
FLMUSDT|None|None|None|FLM-USDT|FLMUSDT|3
SOULUSDT|None|None|soulusdt|None|SOULUSDT|3
CEREUSDT|None|None|cereusdt|None|CEREUSDT|3
OCTUSDT|None|None|octusdt|None|OCTUSDT|3
GNSUSDT|None|None|gnsusdt|None|GNSUSDT|3
TUSDUSDT|None|None|tusdusdt|None|TUSDUSDT|3
RSS3USDT|RSS3-USDT|None|rss3usdt|RSS3-USDT|RSS3USDT|1
OPUSDT|None|None|opusdt|OP-USDT|OPUSDT|2
TRXUSDC|None|None|trxusdc|TRX-USDC|TRXUSDC|2
ALT0USDT|None|None|alt0usdt|None|ALT0USDT|3
ORBSUSDT|None|None|orbsusdt|ORBS-USDT|None|3
RACAUSDT|RACA-USDT|None|racausdt|RACA-USDT|RACAUSDT|1
COREUSDT|None|None|coreusdt|CORE-USDT|COREUSDT|2
WOOFUSDT|None|None|woofusdt|None|WOOFUSDT|3
LUNCUSDT|None|None|luncusdt|LUNC-USDT|LUNCUSDT|2
RABUSDT|None|None|rabusdt|None|RABUSDT|3
XEMUSDT|None|None|xemusdt|XEM-USDT|None|3
ENSUSDT|None|None|ensusdt|ENS-USDT|ENSUSDT|2
KASUSDT|None|KAS_USDT|None|None|KASUSDT|3
BETHUSDT|None|None|bethusdt|BETH-USDT|None|3
NESTUSDT|None|None|nestusdt|None|NESTUSDT|3
FTMUSDT|FTM-USDT|None|ftmusdt|FTM-USDT|FTMUSDT|1
BTMUSDT|None|None|btmusdt|None|BTMUSDT|3
WWYUSDT|None|None|wwyusdt|None|WWYUSDT|3
CHZBTC|None|CHZ_BTC|None|CHZ-BTC|None|3
HSFUSDT|None|None|hsfusdt|None|HSFUSDT|3
GLMRUSDT|None|None|glmrusdt|GLMR-USDT|GLMRUSDT|2
VOLTUSDT|VOLT-USDT|None|voltusdt|None|VOLTUSDT|2
ARBUSDT|None|None|arbusdt|ARB-USDT|ARBUSDT|2
HTXUSDT|None|None|htxusdt|None|HTXUSDT|3
XCHUSDT|None|None|xchusdt|XCH-USDT|XCHUSDT|2
ETHUSDC|None|None|ethusdc|ETH-USDC|ETHUSDC|2
LADYSUSDT|None|None|ladysusdt|None|LADYSUSDT|3
REEFUSDT|None|None|reefusdt|None|REEFUSDT|3
GLMUSDT|None|None|glmusdt|GLM-USDT|None|3
BATUSDT|BAT-USDT|None|batusdt|BAT-USDT|BATUSDT|1
TOKEUSDT|None|None|tokeusdt|None|TOKEUSDT|3
THETAUSDT|None|None|thetausdt|THETA-USDT|None|3
UNFIUSDT|None|None|unfiusdt|None|UNFIUSDT|3
VINUUSDT|None|None|vinuusdt|None|VINUUSDT|3
MNTUSDT|None|None|mntusdt|None|MNTUSDT|3
DIAUSDT|None|None|diausdt|DIA-USDT|None|3
UNIUSDT|UNI-USDT|UNI_USDT|uniusdt|UNI-USDT|UNIUSDT|0
SANDUSDT|SAND-USDT|None|sandusdt|SAND-USDT|SANDUSDT|1
CSPRUSDT|None|None|csprusdt|CSPR-USDT|CSPRUSDT|2
CREUSDT|None|None|creusdt|None|CREUSDT|3
FXSUSDT|None|None|fxsusdt|FXS-USDT|FXSUSDT|2
LAIUSDT|None|None|laiusdt|None|LAIUSDT|3
FLOWUSDT|None|None|flowusdt|FLOW-USDT|FLOWUSDT|2
ALGOUSDC|None|None|None|ALGO-USDC|ALGOUSDC|3
IDUSDT|None|None|idusdt|ID-USDT|IDUSDT|2
USDTBRL|None|None|usdtbrl|USDT-BRL|None|3
SLPUSDT|None|None|None|SLP-USDT|SLPUSDT|3
OGNUSDT|None|None|ognusdt|None|OGNUSDT|3
ICXUSDT|None|None|icxusdt|ICX-USDT|None|3
BONEUSDT|BONE-USDT|None|boneusdt|BONE-USDT|BONEUSDT|1
FORUSDT|None|None|forusdt|None|FORUSDT|3
1INCHUSDT|None|None|1inchusdt|1INCH-USDT|1INCHUSDT|2
NEARUSDT|NEAR-USDT|NEAR_USDT|nearusdt|NEAR-USDT|NEARUSDT|0
ALGOUSDT|None|ALGO_USDT|algousdt|ALGO-USDT|ALGOUSDT|1
GQUSDT|None|None|gqusdt|None|GQUSDT|3
GROKUSDT|None|None|grokusdt|None|GROKUSDT|3
FRONTUSDT|None|None|frontusdt|FRONT-USDT|FRONTUSDT|2
LSKUSDT|None|None|lskusdt|LSK-USDT|None|3
XTZUSDT|None|None|xtzusdt|XTZ-USDT|XTZUSDT|2
BALUSDT|None|None|balusdt|BAL-USDT|BALUSDT|2
AVAXUSDT|AVAX-USDT|None|avaxusdt|AVAX-USDT|AVAXUSDT|1
APEDUSDT|None|None|apedusdt|None|APEDUSDT|3
BTSUSDT|None|None|btsusdt|None|BTSUSDT|3
ACSUSDT|None|None|acsusdt|None|ACSUSDT|3
JUVUSDT|JUV-USDT|None|juvusdt|None|None|3
ZBCUSDT|None|None|zbcusdt|ZBC-USDT|ZBCUSDT|2
GARIUSDT|None|None|gariusdt|GARI-USDT|GARIUSDT|2
SOLOUSDT|None|None|solousdt|None|SOLOUSDT|3
BOBAUSDT|None|None|bobausdt|None|BOBAUSDT|3
BITCIUSDT|None|None|bitciusdt|None|BITCIUSDT|3
IGUUSDT|None|None|iguusdt|IGU-USDT|IGUUSDT|2
ACAUSDT|None|None|acausdt|ACA-USDT|ACAUSDT|2
AGLDUSDT|None|None|agldusdt|AGLD-USDT|AGLDUSDT|2
EGLDUSDT|None|None|egldusdt|EGLD-USDT|EGLDUSDT|2
WINUSDT|None|None|winusdt|WIN-USDT|WINUSDT|2
ROCOUSDT|None|None|rocousdt|None|ROCOUSDT|3
ELFBTC|None|None|elfbtc|None|ELFBTC|3
FUDUSDT|None|None|fudusdt|None|FUDUSDT|3
INSURUSDT|None|None|insurusdt|None|INSURUSDT|3
CVCUSDT|None|None|cvcusdt|CVC-USDT|None|3
NBSUSDT|None|None|nbsusdt|None|NBSUSDT|3
PYRUSDT|None|None|pyrusdt|None|PYRUSDT|3
GMPDUSDT|None|None|gmpdusdt|None|GMPDUSDT|3
BANDUSDT|None|None|bandusdt|BAND-USDT|None|3
DOGEUSDC|None|None|None|DOGE-USDC|DOGEUSDC|3
PYTHUSDT|None|None|pythusdt|PYTH-USDT|PYTHUSDT|2
DEXEUSDT|None|None|dexeusdt|None|DEXEUSDT|3
LOVELYUSDT|None|None|lovelyusdt|None|LOVELYUSDT|3
SOLUSDT|SOL-USDT|SOL_USDT|solusdt|SOL-USDT|SOLUSDT|0
MANTAUSDT|None|None|mantausdt|None|MANTAUSDT|3
KP3RUSDT|None|None|None|KP3R-USDT|KP3RUSDT|3
SPELLUSDT|None|None|spellusdt|SPELL-USDT|SPELLUSDT|2
OMNUSDT|None|None|None|OMN-USDT|OMNUSDT|3
YFIUSDT|YFI-USDT|YFI_USDT|yfiusdt|YFI-USDT|YFIUSDT|0
AERGOUSDT|None|None|None|AERGO-USDT|AERGOUSDT|3
MKRUSDT|MKR-USDT|MKR_USDT|mkrusdt|MKR-USDT|MKRUSDT|0
LINKETH|None|None|None|LINK-ETH|LINKETH|3
XFIUSDT|None|None|xfiusdt|None|XFIUSDT|3
ARPAUSDT|None|None|arpausdt|None|ARPAUSDT|3
KANUSDT|None|None|kanusdt|KAN-USDT|None|3
STORJUSDT|None|None|storjusdt|STORJ-USDT|STORJUSDT|2
TOXUSDT|None|None|toxusdt|None|TOXUSDT|3
ROUTEUSDT|None|None|routeusdt|None|ROUTEUSDT|3
DAOUSDT|None|None|daousdt|DAO-USDT|DAOUSDT|2
XECUSDT|None|None|xecusdt|XEC-USDT|XECUSDT|2
USDCUSDT|None|USDC_USDT|usdcusdt|USDC-USDT|USDCUSDT|1
VISIONUSDT|None|None|visionusdt|None|VISIONUSDT|3
ZELIXUSDT|None|None|zelixusdt|None|ZELIXUSDT|3
TURBOUSDT|None|None|turbousdt|TURBO-USDT|TURBOUSDT|2
KICKSUSDT|None|None|kicksusdt|None|KICKSUSDT|3
NGLUSDT|None|None|nglusdt|None|NGLUSDT|3
XCADUSDT|None|None|xcadusdt|None|XCADUSDT|3
PITUSDT|None|None|None|PIT-USDT|PITUSDT|3
CELRUSDT|None|None|None|CELR-USDT|CELRUSDT|3
ANALOSUSDT|None|None|analosusdt|None|ANALOSUSDT|3
QRDOUSDT|None|None|qrdousdt|None|QRDOUSDT|3
WHALEUSDT|None|None|whaleusdt|None|WHALEUSDT|3
NEARBTC|None|NEAR_BTC|None|NEAR-BTC|None|3
BNBUSDT|BNB-USDT|None|bnbusdt|BNB-USDT|BNBUSDT|1
SKLUSDT|None|None|sklusdt|SKL-USDT|SKLUSDT|2
TRUUSDT|None|None|truusdt|None|TRUUSDT|3
SWEATUSDT|None|None|sweatusdt|SWEAT-USDT|SWEATUSDT|2
ZIGUSDT|None|None|zigusdt|None|ZIGUSDT|3
RDNTUSDT|None|None|rdntusdt|RDNT-USDT|RDNTUSDT|2
OGVUSDT|None|None|ogvusdt|None|OGVUSDT|3
IOSTUSDT|None|None|iostusdt|IOST-USDT|IOSTUSDT|2
CKBUSDT|None|None|ckbusdt|None|CKBUSDT|3
ARGUSDT|None|None|argusdt|ARG-USDT|ARGUSDT|2
WOJAKUSDT|None|None|wojakusdt|None|WOJAKUSDT|3
PHAUSDT|None|None|phausdt|PHA-USDT|PHAUSDT|2
KARUSDT|None|None|None|KAR-USDT|KARUSDT|3
XRPUSDT|XRP-USDT|XRP_USDT|xrpusdt|XRP-USDT|XRPUSDT|0
WEMIXUSDT|WEMIX-USDT|None|wemixusdt|None|WEMIXUSDT|2
TENETUSDT|None|None|tenetusdt|None|TENETUSDT|3
TOMSUSDT|None|None|tomsusdt|None|TOMSUSDT|3
ZUZALUUSDT|None|None|zuzaluusdt|None|ZUZALUUSDT|3
GRVUSDT|None|None|grvusdt|None|GRVUSDT|3
MILOUSDT|None|None|None|MILO-USDT|MILOUSDT|3
RANKERUSDT|None|None|rankerusdt|None|RANKERUSDT|3
CELUSDT|None|None|None|CEL-USDT|CELUSDT|3
FITFIUSDT|None|None|fitfiusdt|FITFI-USDT|FITFIUSDT|2
TURTUSDT|None|None|turtusdt|None|TURTUSDT|3
JTOUSDT|None|None|jtousdt|JTO-USDT|JTOUSDT|2
LEASHUSDT|LEASH-USDT|None|None|LEASH-USDT|None|3
RINGUSDT|None|None|ringusdt|None|RINGUSDT|3
KINEUSDT|None|None|None|KINE-USDT|KINEUSDT|3
EVMOSUSDT|None|None|evmosusdt|None|EVMOSUSDT|3
RATSUSDT|RATS-USDT|None|ratsusdt|None|RATSUSDT|2
JPGUSDT|None|None|None|JPG-USDT|JPGUSDT|3
ABBCUSDT|None|None|abbcusdt|None|ABBCUSDT|3
KNCUSDT|None|None|kncusdt|KNC-USDT|KNCUSDT|2
ORBUSDT|None|None|orbusdt|ORB-USDT|None|3
NEWUSDT|None|None|newusdt|None|NEWUSDT|3
MEVUSDT|None|None|mevusdt|None|MEVUSDT|3
GODSUSDT|None|None|godsusdt|GODS-USDT|GODSUSDT|2
VELOUSDT|None|None|velousdt|VELO-USDT|VELOUSDT|2
ZENUSDT|None|None|zenusdt|None|ZENUSDT|3
RIOUSDT|None|None|riousdt|RIO-USDT|RIOUSDT|2
ICEUSDT|None|None|None|ICE-USDT|ICEUSDT|3
LDOUSDT|None|None|ldousdt|LDO-USDT|LDOUSDT|2
MBOXUSDT|None|None|mboxusdt|None|MBOXUSDT|3
ANMLUSDT|None|None|anmlusdt|None|ANMLUSDT|3
USDTRUB|None|USDT_RUB|usdtrub|None|None|3
GOALUSDT|None|None|None|GOAL-USDT|GOALUSDT|3
CFXUSDT|None|None|None|CFX-USDT|CFXUSDT|3
TRBUSDT|None|None|trbusdt|TRB-USDT|None|3
AVAXUSDC|None|None|None|AVAX-USDC|AVAXUSDC|3
NUMUSDT|None|None|numusdt|None|NUMUSDT|3
ETHUSDT|ETH-USDT|ETH_USDT|ethusdt|ETH-USDT|ETHUSDT|0
LRCUSDT|None|None|lrcusdt|LRC-USDT|LRCUSDT|2
DEPUSDT|None|None|depusdt|DEP-USDT|DEPUSDT|2
COTIUSDT|None|None|cotiusdt|None|COTIUSDT|3
PBRUSDT|None|None|pbrusdt|None|PBRUSDT|3
FTMUSDC|None|None|None|FTM-USDC|FTMUSDC|3
BLURUSDT|None|None|blurusdt|BLUR-USDT|BLURUSDT|2
DCRUSDT|None|None|dcrusdt|DCR-USDT|DCRUSDT|2
DOTUSDT|DOT-USDT|DOT_USDT|dotusdt|DOT-USDT|DOTUSDT|0
ARUSDT|None|None|arusdt|AR-USDT|ARUSDT|2
KCALUSDT|None|None|kcalusdt|KCAL-USDT|None|3
WLDUSDT|WLD-USDT|None|wldusdt|WLD-USDT|WLDUSDT|1
MONGUSDT|None|None|mongusdt|None|MONGUSDT|3
SFUNDUSDT|None|None|sfundusdt|None|SFUNDUSDT|3
XRPBTC|None|XRP_BTC|xrpbtc|XRP-BTC|XRPBTC|1
SATSUSDT|SATS-USDT|None|satsusdt|SATS-USDT|SATSUSDT|1
NPTUSDT|None|None|nptusdt|None|NPTUSDT|3
STRMUSDT|None|None|strmusdt|None|STRMUSDT|3
NMRUSDT|None|None|None|NMR-USDT|NMRUSDT|3
KRIPTOUSDT|None|None|kriptousdt|None|KRIPTOUSDT|3
RVNUSDT|None|None|rvnusdt|RVN-USDT|RVNUSDT|2
RLYUSDT|None|None|rlyusdt|None|RLYUSDT|3
EOSUSDT|None|EOS_USDT|eosusdt|EOS-USDT|EOSUSDT|1
CETUSUSDT|None|None|None|CETUS-USDT|CETUSUSDT|3
NEOBTC|None|NEO_BTC|None|NEO-BTC|NEOBTC|2
MDXUSDT|None|None|mdxusdt|None|MDXUSDT|3
LITHUSDT|None|None|lithusdt|LITH-USDT|LITHUSDT|2
USDPUSDT|None|None|usdpusdt|None|USDPUSDT|3
QUICKUSDT|None|None|quickusdt|None|QUICKUSDT|3
AKROUSDT|None|None|akrousdt|None|AKROUSDT|3
GASUSDT|None|GAS_USDT|gasusdt|GAS-USDT|GASUSDT|1
ACEUSDT|None|None|aceusdt|ACE-USDT|ACEUSDT|2
POOLXUSDT|None|None|poolxusdt|None|POOLXUSDT|3
BABYUSDT|None|None|babyusdt|None|BABYUSDT|3
CELOUSDT|None|None|celousdt|CELO-USDT|CELOUSDT|2
PEPEUSDT|PEPE-USDT|PEPE_USDT|pepeusdt|PEPE-USDT|PEPEUSDT|0
OMGUSDT|OMG-USDT|None|omgusdt|OMG-USDT|OMGUSDT|1
XENUSDT|None|None|xenusdt|None|XENUSDT|3
XTMUSDT|None|None|xtmusdt|None|XTMUSDT|3
SAMOUSDT|None|None|None|SAMO-USDT|SAMOUSDT|3
STXUSDT|None|None|None|STX-USDT|STXUSDT|3
LUNAUSDC|None|None|None|LUNA-USDC|LUNAUSDC|3
STETHUSDT|STETH-USDT|None|stethusdt|STETH-USDT|STETHUSDT|1
BLZUSDT|None|None|blzusdt|None|BLZUSDT|3
CGPTUSDT|None|None|cgptusdt|None|CGPTUSDT|3
MLNUSDT|None|None|mlnusdt|MLN-USDT|MLNUSDT|2
WBTCUSDT|None|None|None|WBTC-USDT|WBTCUSDT|3
WAVESUSDT|None|None|wavesusdt|None|WAVESUSDT|3
APEUSDT|APE-USDT|None|apeusdt|APE-USDT|APEUSDT|1
BTCRUB|None|BTC_RUB|btcrub|None|None|3
AXSUSDT|AXS-USDT|None|axsusdt|AXS-USDT|AXSUSDT|1
NEXTUSDT|None|None|nextusdt|None|NEXTUSDT|3
LAMBUSDT|None|None|lambusdt|LAMB-USDT|LAMBUSDT|2
MYROUSDT|None|None|myrousdt|None|MYROUSDT|3
FILUSDC|None|None|None|FIL-USDC|FILUSDC|3
UMAUSDT|None|None|umausdt|UMA-USDT|UMAUSDT|2
MDTUSDT|None|None|None|MDT-USDT|MDTUSDT|3
MCONTENTUSDT|None|None|mcontentusdt|None|MCONTENTUSDT|3
RPLUSDT|None|None|rplusdt|RPL-USDT|RPLUSDT|2
MANAUSDT|MANA-USDT|MANA_USDT|manausdt|MANA-USDT|MANAUSDT|0
FILUSDT|FIL-USDT|None|filusdt|FIL-USDT|FILUSDT|1
SRMUSDT|None|None|srmusdt|None|SRMUSDT|3
RENUSDT|None|None|renusdt|REN-USDT|RENUSDT|2
UFTUSDT|None|None|uftusdt|None|UFTUSDT|3
TUSDT|None|None|tusdt|T-USDT|TUSDT|2
UNIBTC|None|UNI_BTC|None|UNI-BTC|None|3
KTUSDT|None|None|ktusdt|None|KTUSDT|3
DKSUSDT|None|None|dksusdt|None|DKSUSDT|3
ONDOUSDT|None|None|ondousdt|None|ONDOUSDT|3
GNOUSDT|None|None|gnousdt|None|GNOUSDT|3
FSNUSDT|None|None|fsnusdt|None|FSNUSDT|3
SAROSUSDT|None|None|sarosusdt|None|SAROSUSDT|3
VRUSDT|None|None|vrusdt|None|VRUSDT|3
MINAUSDC|None|None|None|MINA-USDC|MINAUSDC|3
OMGBTC|None|OMG_BTC|None|None|OMGBTC|3
BORINGUSDT|None|None|boringusdt|BORING-USDT|BORINGUSDT|2
ZILUSDT|None|None|zilusdt|ZIL-USDT|ZILUSDT|2
BBFUSDT|None|None|bbfusdt|None|BBFUSDT|3
TONUSDT|None|TON_USDT|tonusdt|TON-USDT|TONUSDT|1
RUNEUSDT|None|None|runeusdt|None|RUNEUSDT|3
SRTUSDT|None|None|srtusdt|None|SRTUSDT|3
OCEANUSDT|None|None|oceanusdt|None|OCEANUSDT|3
XPETUSDT|None|None|xpetusdt|None|XPETUSDT|3
USDJUSDT|None|None|usdjusdt|None|USDJUSDT|3
HIFIUSDT|None|None|hifiusdt|None|HIFIUSDT|3
ZKPUSDT|None|None|zkpusdt|None|ZKPUSDT|3
CAPOUSDT|None|None|capousdt|None|CAPOUSDT|3
ADAUSDT|ADA-USDT|ADA_USDT|adausdt|ADA-USDT|ADAUSDT|0
POLYDOGEUSDT|None|None|None|POLYDOGE-USDT|POLYDOGEUSDT|3
NEARUSDC|None|None|None|NEAR-USDC|NEARUSDC|3
CRVUSDT|CRV-USDT|None|crvusdt|CRV-USDT|CRVUSDT|1
AIUSDT|None|None|aiusdt|None|AIUSDT|3
SHIBUSDT|SHIB-USDT|SHIB_USDT|shibusdt|SHIB-USDT|SHIBUSDT|0
CONVUSDT|None|None|None|CONV-USDT|CONVUSDT|3
ETCUSDT|ETC-USDT|ETC_USDT|etcusdt|ETC-USDT|ETCUSDT|0
WAXPUSDT|None|None|waxpusdt|WAXP-USDT|WAXPUSDT|2
AURORAUSDT|None|None|aurorausdt|None|AURORAUSDT|3
PLCUUSDT|None|PLCU_USDT|None|None|PLCUUSDT|3
PLAUSDT|None|None|plausdt|None|PLAUSDT|3
ATOMBTC|None|ATOM_BTC|atombtc|ATOM-BTC|ATOMBTC|1
ALPHAUSDT|None|None|None|ALPHA-USDT|ALPHAUSDT|3
ETHTUSD|None|None|ethtusd|None|ETHTUSD|3
SHIBUSDC|None|None|None|SHIB-USDC|SHIBUSDC|3
XPRUSDT|None|None|None|XPR-USDT|XPRUSDT|3
WMTUSDT|None|None|wmtusdt|None|WMTUSDT|3
PONDUSDT|None|None|pondusdt|None|PONDUSDT|3
MKRBTC|None|MKR_BTC|None|MKR-BTC|None|3
NAKAUSDT|None|None|nakausdt|None|NAKAUSDT|3
BCHUSDC|None|None|None|BCH-USDC|BCHUSDC|3
DFIUSDT|DFI-USDT|None|dfiusdt|None|DFIUSDT|2
SWAPUSDT|None|None|swapusdt|None|SWAPUSDT|3
JOEUSDT|None|None|joeusdt|JOE-USDT|JOEUSDT|2
MCRTUSDT|None|None|mcrtusdt|None|MCRTUSDT|3
USDDUSDC|None|None|usddusdc|None|USDDUSDC|3
LVNUSDT|None|None|lvnusdt|None|LVNUSDT|3
AZEROUSDT|None|None|azerousdt|None|AZEROUSDT|3
WENUSDT|None|None|wenusdt|None|WENUSDT|3
TRIBEUSDT|None|None|tribeusdt|None|TRIBEUSDT|3
REIUSDT|None|None|reiusdt|None|REIUSDT|3
SCUSDT|None|None|scusdt|SC-USDT|SCUSDT|2
PORUSDT|None|None|None|POR-USDT|PORUSDT|3
FETUSDT|None|None|fetusdt|FET-USDT|FETUSDT|2
IQUSDT|None|None|None|IQ-USDT|IQUSDT|3
DYPUSDT|None|None|dypusdt|None|DYPUSDT|3
PUSHUSDT|None|None|pushusdt|None|PUSHUSDT|3
GRTUSDT|GRT-USDT|None|grtusdt|GRT-USDT|GRTUSDT|1
OKBUSDT|None|None|None|OKB-USDT|OKBUSDT|3
TIAUSDT|None|None|tiausdt|TIA-USDT|TIAUSDT|2
TLMUSDT|None|None|tlmusdt|None|TLMUSDT|3
BTCBRL|None|None|btcbrl|BTC-BRL|None|3
COMUSDT|None|None|comusdt|None|COMUSDT|3
REVOUSDT|None|None|revousdt|None|REVOUSDT|3
GALAUSDT|GALA-USDT|None|galausdt|GALA-USDT|GALAUSDT|1
GRAILUSDT|None|None|grailusdt|None|GRAILUSDT|3
MATICUSDC|None|None|None|MATIC-USDC|MATICUSDC|3
DMAILUSDT|None|None|None|DMAIL-USDT|DMAILUSDT|3
ADAUSDC|None|None|None|ADA-USDC|ADAUSDC|3
USDDUSDT|None|None|usddusdt|None|USDDUSDT|3
AAVEUSDT|AAVE-USDT|AAVE_USDT|aaveusdt|AAVE-USDT|AAVEUSDT|0
BADGERUSDT|None|None|badgerusdt|BADGER-USDT|BADGERUSDT|2
AUCTIONUSDT|None|None|auctionusdt|AUCTION-USDT|AUCTIONUSDT|2
ASTRUSDT|None|None|astrusdt|ASTR-USDT|ASTRUSDT|2
NODLUSDT|None|None|nodlusdt|None|NODLUSDT|3
MAVIAUSDT|None|None|maviausdt|None|MAVIAUSDT|3
PLCUCUSDT|None|PLCUC_USDT|None|None|PLCUCUSDT|3
AITECHUSDT|None|None|aitechusdt|None|AITECHUSDT|3
SUIUSDT|None|SUI_USDT|suiusdt|SUI-USDT|SUIUSDT|1
FIROUSDT|None|None|firousdt|None|FIROUSDT|3
PSTAKEUSDT|None|None|pstakeusdt|PSTAKE-USDT|PSTAKEUSDT|2
CVPUSDT|None|None|cvpusdt|None|CVPUSDT|3
TPYUSDT|None|None|tpyusdt|None|TPYUSDT|3
SSVUSDT|None|None|ssvusdt|SSV-USDT|SSVUSDT|2
LINKBTC|None|LINK_BTC|linkbtc|LINK-BTC|None|2
SPSUSDT|None|None|spsusdt|None|SPSUSDT|3
EOSBTC|None|EOS_BTC|eosbtc|EOS-BTC|EOSBTC|1
CLVUSDT|None|None|clvusdt|CLV-USDT|CLVUSDT|2
HAOUSDT|None|None|haousdt|None|HAOUSDT|3
BLOKUSDT|None|None|None|BLOK-USDT|BLOKUSDT|3
CRTSUSDT|None|None|crtsusdt|None|CRTSUSDT|3
SUSHIUSDT|SUSHI-USDT|None|sushiusdt|SUSHI-USDT|SUSHIUSDT|1
RNDRUSDT|RNDR-USDT|None|rndrusdt|RNDR-USDT|RNDRUSDT|1
MUBIUSDT|None|None|mubiusdt|None|MUBIUSDT|3
XRPETH|None|XRP_ETH|None|XRP-ETH|XRPETH|2
FANCUSDT|None|None|fancusdt|None|FANCUSDT|3
RPKUSDT|None|None|rpkusdt|None|RPKUSDT|3
ETCBTC|None|ETC_BTC|etcbtc|ETC-BTC|ETCBTC|1
NFPUSDT|None|None|nfpusdt|None|NFPUSDT|3
SISUSDT|None|None|sisusdt|SIS-USDT|None|3
FORTHUSDT|None|None|forthusdt|FORTH-USDT|FORTHUSDT|2
ATOMUSDC|None|None|None|ATOM-USDC|ATOMUSDC|3
VETUSDT|None|None|vetusdt|None|VETUSDT|3
OGUSDT|OG-USDT|None|ogusdt|None|OGUSDT|2
DYDXUSDT|DYDX-USDT|None|dydxusdt|DYDX-USDT|DYDXUSDT|1
OKTUSDT|None|None|None|OKT-USDT|OKTUSDT|3
MINAUSDT|None|None|minausdt|MINA-USDT|MINAUSDT|2
GMXUSDT|None|None|gmxusdt|GMX-USDT|GMXUSDT|2
OPULUSDT|None|None|opulusdt|None|OPULUSDT|3
NULSUSDT|None|None|nulsusdt|NULS-USDT|NULSUSDT|2
ARVUSDT|None|None|arvusdt|None|ARVUSDT|3
RONUSDT|None|None|None|RON-USDT|RONUSDT|3
ZKBUSDT|None|None|zkbusdt|None|ZKBUSDT|3
CTXCUSDT|None|None|ctxcusdt|CTXC-USDT|CTXCUSDT|2
DOSEUSDT|None|None|doseusdt|DOSE-USDT|DOSEUSDT|2
BABYDOGEUSDT|None|None|babydogeusdt|BABYDOGE-USDT|BABYDOGEUSDT|2
ETHBTC|ETH-BTC|ETH_BTC|ethbtc|ETH-BTC|ETHBTC|0
RAYUSDT|None|None|None|RAY-USDT|RAYUSDT|3
GEARUSDT|None|None|None|GEAR-USDT|GEARUSDT|3
CYBERUSDT|None|None|cyberusdt|None|CYBERUSDT|3
ZRXUSDT|None|None|zrxusdt|ZRX-USDT|ZRXUSDT|2
STARLUSDT|None|None|None|STARL-USDT|STARLUSDT|3
GALUSDT|GAL-USDT|None|galusdt|GAL-USDT|GALUSDT|1
OSMOUSDT|None|None|osmousdt|None|OSMOUSDT|3
WIFUSDT|None|None|wifusdt|None|WIFUSDT|3
CQTUSDT|None|None|None|CQT-USDT|CQTUSDT|3
PANDOUSDT|None|None|pandousdt|None|PANDOUSDT|3
MOOVUSDT|None|None|moovusdt|None|MOOVUSDT|3
TRXETH|None|None|trxeth|TRX-ETH|None|3
SPRTUSDT|None|None|sprtusdt|None|SPRTUSDT|3
AIDOGEUSDT|None|None|aidogeusdt|AIDOGE-USDT|AIDOGEUSDT|2
MOVEZUSDT|None|None|movezusdt|MOVEZ-USDT|None|3
DOGEUSDT|DOGE-USDT|DOGE_USDT|dogeusdt|DOGE-USDT|DOGEUSDT|0
AAVEUSDC|None|None|None|AAVE-USDC|AAVEUSDC|3
TROLLUSDT|None|None|trollusdt|None|TROLLUSDT|3
LSDUSDT|None|None|lsdusdt|None|LSDUSDT|3
REVVUSDT|None|None|revvusdt|REVV-USDT|REVVUSDT|2
BNTUSDT|None|None|bntusdt|BNT-USDT|BNTUSDT|2
FTTUSDT|None|None|fttusdt|None|FTTUSDT|3
SCRTUSDT|None|None|scrtusdt|None|SCRTUSDT|3
ICPUSDT|None|None|icpusdt|ICP-USDT|ICPUSDT|2
HFTUSDT|None|None|hftusdt|None|HFTUSDT|3
BCHBTC|BCH-BTC|BCH_BTC|bchbtc|BCH-BTC|BCHBTC|0
USDTTRY|None|None|usdttry|USDT-TRY|None|3
LQTYUSDT|None|None|lqtyusdt|LQTY-USDT|LQTYUSDT|2
BCHUSDT|BCH-USDT|BCH_USDT|bchusdt|BCH-USDT|BCHUSDT|0
SWFTCUSDT|None|None|swftcusdt|SWFTC-USDT|None|3
SUKUUSDT|None|None|sukuusdt|None|SUKUUSDT|3
VEMPUSDT|None|None|vempusdt|None|VEMPUSDT|3
API3USDT|None|None|api3usdt|API3-USDT|API3USDT|2
BERRYUSDT|None|None|berryusdt|None|BERRYUSDT|3
ACHUSDT|None|None|achusdt|ACH-USDT|ACHUSDT|2
NEOUSDT|None|NEO_USDT|neousdt|NEO-USDT|NEOUSDT|1
LTCBTC|None|LTC_BTC|ltcbtc|LTC-BTC|LTCBTC|1
HIVEUSDT|None|None|hiveusdt|None|HIVEUSDT|3
BGBUSDT|BGB-USDT|None|None|None|BGBUSDT|3
DFUSDT|None|None|dfusdt|None|DFUSDT|3
CAKEUSDT|None|None|cakeusdt|None|CAKEUSDT|3
MRSTUSDT|None|None|None|MRST-USDT|MRSTUSDT|3
BNBUSDC|None|None|None|BNB-USDC|BNBUSDC|3
UNBUSDT|None|None|unbusdt|None|UNBUSDT|3
SMTUSDT|None|None|smtusdt|None|SMTUSDT|3
LTCUSDT|LTC-USDT|LTC_USDT|ltcusdt|LTC-USDT|LTCUSDT|0
ZECUSDT|None|None|zecusdt|None|ZECUSDT|3
NFTUSDT|None|None|nftusdt|NFT-USDT|NFTUSDT|2
JASMYUSDT|None|None|jasmyusdt|None|JASMYUSDT|3
CROUSDT|None|None|None|CRO-USDT|CROUSDT|3
STETHETH|None|None|stetheth|STETH-ETH|None|3
ORDSUSDT|None|None|ordsusdt|None|ORDSUSDT|3
OASUSDT|None|None|oasusdt|OAS-USDT|OASUSDT|2
IMXUSDT|None|None|imxusdt|IMX-USDT|IMXUSDT|2
POLCUSDT|None|None|polcusdt|None|POLCUSDT|3
MENGOUSDT|None|None|None|MENGO-USDT|MENGOUSDT|3
ORDIUSDT|ORDI-USDT|None|ordiusdt|ORDI-USDT|ORDIUSDT|1
METISUSDT|None|None|metisusdt|METIS-USDT|METISUSDT|2
DCKUSDT|None|None|dckusdt|None|DCKUSDT|3
XNOUSDT|None|None|xnousdt|XNO-USDT|None|3
MYRIAUSDT|None|None|None|MYRIA-USDT|MYRIAUSDT|3
YFIIUSDT|None|None|yfiiusdt|YFII-USDT|YFIIUSDT|2
KAVAUSDT|None|None|kavausdt|None|KAVAUSDT|3
OXTUSDT|None|None|oxtusdt|OXT-USDT|OXTUSDT|2
SEIUSDT|None|None|seiusdt|None|SEIUSDT|3
GMTUSDT|GMT-USDT|GMT_USDT|gmtusdt|GMT-USDT|GMTUSDT|0
BRWLUSDT|None|None|brwlusdt|BRWL-USDT|None|3
KSMUSDT|None|None|ksmusdt|KSM-USDT|KSMUSDT|2
BRISEUSDT|None|None|briseusdt|None|BRISEUSDT|3
SUNUSDT|None|None|sunusdt|SUN-USDT|SUNUSDT|2
FLOKIUSDT|FLOKI-USDT|FLOKI_USDT|flokiusdt|FLOKI-USDT|FLOKIUSDT|0
BXENUSDT|None|None|bxenusdt|None|BXENUSDT|3
SOFIUSDT|None|None|sofiusdt|None|SOFIUSDT|3
DODOUSDT|None|None|dodousdt|None|DODOUSDT|3
TRXBTC|None|TRX_BTC|trxbtc|TRX-BTC|TRXBTC|1
MATICUSDT|MATIC-USDT|MATIC_USDT|maticusdt|MATIC-USDT|MATICUSDT|0
XETAUSDT|None|None|xetausdt|XETA-USDT|XETAUSDT|2
OPUSDC|None|None|None|OP-USDC|OPUSDC|3
JSTUSDT|None|None|jstusdt|JST-USDT|JSTUSDT|2
GMEEUSDT|None|None|gmeeusdt|None|GMEEUSDT|3
MASKUSDT|MASK-USDT|None|maskusdt|MASK-USDT|MASKUSDT|1
PENDLEUSDT|None|None|pendleusdt|None|PENDLEUSDT|3
POOHUSDT|None|None|poohusdt|None|POOHUSDT|3
LBRUSDT|None|None|None|LBR-USDT|LBRUSDT|3
DKAUSDT|None|None|dkausdt|None|DKAUSDT|3
APEUSDC|None|None|None|APE-USDC|APEUSDC|3
BTTUSDC|None|None|bttusdc|None|BTTUSDC|3
WNXMUSDT|None|None|wnxmusdt|None|WNXMUSDT|3
BTCSUSDT|BTCS-USDT|None|None|None|BTCSUSDT|3
XPLAUSDT|None|None|xplausdt|None|XPLAUSDT|3
GTAIUSDT|None|None|gtaiusdt|None|GTAIUSDT|3
FIOUSDT|None|None|fiousdt|None|FIOUSDT|3
CAUSDT|None|None|causdt|None|CAUSDT|3
PRISMAUSDT|None|None|prismausdt|None|PRISMAUSDT|3
CITYUSDT|None|None|None|CITY-USDT|CITYUSDT|3
HBARUSDT|None|None|hbarusdt|HBAR-USDT|HBARUSDT|2
LUNRUSDT|None|None|lunrusdt|None|LUNRUSDT|3
RLCUSDT|None|None|rlcusdt|None|RLCUSDT|3
LUNCUSDC|None|None|None|LUNC-USDC|LUNCUSDC|3
EULUSDT|None|None|eulusdt|None|EULUSDT|3
AZYUSDT|None|None|None|AZY-USDT|AZYUSDT|3
TITANUSDT|None|None|titanusdt|None|TITANUSDT|3
PRQUSDT|None|PRQ_USDT|prqusdt|PRQ-USDT|PRQUSDT|1
BTCTRY|None|None|btctry|BTC-TRY|None|3
WNCGUSDT|None|None|None|WNCG-USDT|WNCGUSDT|3
HCUSDT|None|None|None|HC-USDT|HCUSDT|3
ARKMUSDT|None|None|arkmusdt|None|ARKMUSDT|3
DUSKUSDT|None|None|duskusdt|None|DUSKUSDT|3
YGGUSDT|None|None|yggusdt|YGG-USDT|YGGUSDT|2
SOLBTC|None|SOL_BTC|solbtc|SOL-BTC|SOLBTC|1
RSRUSDT|None|None|rsrusdt|RSR-USDT|RSRUSDT|2
MAGICUSDT|None|None|magicusdt|MAGIC-USDT|MAGICUSDT|2
FCT2USDT|None|None|fct2usdt|None|FCT2USDT|3
MUDOL2USDT|None|None|mudol2usdt|None|MUDOL2USDT|3
XCNUSDT|None|None|xcnusdt|None|XCNUSDT|3
WIFIUSDT|None|None|wifiusdt|WIFI-USDT|None|3
XVGUSDT|None|None|xvgusdt|None|XVGUSDT|3
CEEKUSDT|None|None|ceekusdt|CEEK-USDT|CEEKUSDT|2
BETHETH|None|None|betheth|BETH-ETH|None|3
UNIUSDC|None|None|None|UNI-USDC|UNIUSDC|3
STPTUSDT|None|None|stptusdt|None|STPTUSDT|3
DOGEBTC|None|DOGE_BTC|dogebtc|DOGE-BTC|None|2
DCUSDT|None|None|dcusdt|None|DCUSDT|3
JOYUSDT|None|None|joyusdt|None|JOYUSDT|3
STGUSDT|None|None|stgusdt|None|STGUSDT|3
ONTUSDT|None|None|ontusdt|ONT-USDT|ONTUSDT|2
MAPUSDT|None|None|mapusdt|None|MAPUSDT|3
SDUSDT|SD-USDT|None|sdusdt|SD-USDT|SDUSDT|1
ATOMUSDT|None|ATOM_USDT|atomusdt|ATOM-USDT|ATOMUSDT|1
LINKUSDT|LINK-USDT|LINK_USDT|linkusdt|LINK-USDT|LINKUSDT|0
INGUSDT|None|None|ingusdt|None|INGUSDT|3
ELFUSDT|None|None|elfusdt|ELF-USDT|ELFUSDT|2
SOLUSDC|None|None|None|SOL-USDC|SOLUSDC|3
XLMBTC|None|XLM_BTC|None|XLM-BTC|XLMBTC|2
FLRUSDT|None|None|flrusdt|FLR-USDT|FLRUSDT|2
THGUSDT|None|None|None|THG-USDT|THGUSDT|3
TLOSUSDT|None|None|tlosusdt|None|TLOSUSDT|3
GFTUSDT|None|None|gftusdt|GFT-USDT|GFTUSDT|2
KUBEUSDT|None|None|kubeusdt|None|KUBEUSDT|3
XRPUSDC|None|None|None|XRP-USDC|XRPUSDC|3
IOTXUSDT|IOTX-USDT|None|iotxusdt|None|IOTXUSDT|2
O3USDT|None|None|o3usdt|None|O3USDT|3
KLAYUSDT|KLAY-USDT|None|klayusdt|KLAY-USDT|KLAYUSDT|1
ADABTC|None|ADA_BTC|adabtc|ADA-BTC|ADABTC|1
RADARUSDT|None|None|None|RADAR-USDT|RADARUSDT|3
BTCUSDC|None|None|btcusdc|BTC-USDC|BTCUSDC|2
ONEUSDT|None|ONE_USDT|oneusdt|ONE-USDT|ONEUSDT|1
SYNUSDT|None|None|synusdt|None|SYNUSDT|3
TRXUSDT|TRX-USDT|TRX_USDT|trxusdt|TRX-USDT|TRXUSDT|0
QTUMBTC|None|QTUM_BTC|None|QTUM-BTC|QTUMBTC|2
EOSUSDC|None|None|None|EOS-USDC|EOSUSDC|3
RADUSDT|None|None|radusdt|None|RADUSDT|3
VRTXUSDT|None|None|vrtxusdt|None|VRTXUSDT|3
NYMUSDT|None|None|nymusdt|NYM-USDT|NYMUSDT|2
NKNUSDT|None|None|nknusdt|None|NKNUSDT|3
MBXUSDT|None|None|mbxusdt|None|MBXUSDT|3
SMILEYUSDT|None|None|smileyusdt|None|SMILEYUSDT|3
ZEROUSDT|None|None|zerousdt|None|ZEROUSDT|3
LATUSDT|None|None|latusdt|LAT-USDT|LATUSDT|2
FISUSDT|None|None|fisusdt|None|FISUSDT|3
ANTUSDT|None|None|antusdt|ANT-USDT|ANTUSDT|2
CHESSUSDT|CHESS-USDT|None|None|None|CHESSUSDT|3
EURTUSDT|EURT-USDT|EURT_USDT|eurtusdt|EURT-USDT|EURTUSDT|0
MXCUSDT|None|None|mxcusdt|MXC-USDT|None|3
PCIUSDT|None|None|pciusdt|PCI-USDT|None|3
BTCUSDT|BTC-USDT|BTC_USDT|btcusdt|BTC-USDT|BTCUSDT|0
RAINUSDT|None|None|rainusdt|None|RAINUSDT|3
KISHUUSDT|None|None|None|KISHU-USDT|KISHUUSDT|3
CELUSDC|None|None|None|CEL-USDC|CELUSDC|3
LTCUSDC|None|None|None|LTC-USDC|LTCUSDC|3
GHSTUSDT|None|None|ghstusdt|GHST-USDT|GHSTUSDT|2
ELFETH|None|None|elfeth|None|ELFETH|3
ALPINEUSDT|ALPINE-USDT|None|None|None|ALPINEUSDT|3
TOPUSDT|None|None|topusdt|None|TOPUSDT|3
SDAOUSDT|None|None|sdaousdt|None|SDAOUSDT|3
TOMIUSDT|None|None|tomiusdt|None|TOMIUSDT|3
PEOPLEUSDT|PEOPLE-USDT|None|peopleusdt|PEOPLE-USDT|PEOPLEUSDT|1
COMPUSDT|COMP-USDT|None|compusdt|COMP-USDT|COMPUSDT|1
PONKEUSDT|None|None|ponkeusdt|None|PONKEUSDT|3
EMUSDT|None|None|emusdt|EM-USDT|None|3
AGIXUSDT|AGIX-USDT|None|agixusdt|AGIX-USDT|AGIXUSDT|1
BIGTIMEUSDT|None|None|None|BIGTIME-USDT|BIGTIMEUSDT|3
BOSONUSDT|None|None|bosonusdt|None|BOSONUSDT|3
CBKUSDT|None|None|cbkusdt|None|CBKUSDT|3
EVERUSDT|None|None|everusdt|None|EVERUSDT|3
JUPUSDT|None|None|jupusdt|JUP-USDT|JUPUSDT|2
XAUTUSDT|XAUT-USDT|XAUT_USDT|xautusdt|XAUT-USDT|XAUTUSDT|0
GFUSDT|None|None|gfusdt|GF-USDT|GFUSDT|2
ALICEUSDT|None|None|aliceusdt|None|ALICEUSDT|3
CAWUSDT|None|None|cawusdt|None|CAWUSDT|3
SPAUSDT|None|None|spausdt|None|SPAUSDT|3
C98USDT|None|None|c98usdt|None|C98USDT|3
XLMUSDT|XLM-USDT|XLM_USDT|xlmusdt|XLM-USDT|XLMUSDT|0
BONKUSDT|None|None|bonkusdt|BONK-USDT|BONKUSDT|2
KLAYUSDC|None|None|None|KLAY-USDC|KLAYUSDC|3
ALIUSDT|None|None|aliusdt|None|ALIUSDT|3
VELAUSDT|None|None|None|VELA-USDT|VELAUSDT|3
MOVRUSDT|None|None|movrusdt|MOVR-USDT|MOVRUSDT|2
BSVUSDT|None|None|bsvusdt|BSV-USDT|BSVUSDT|2
LAZIOUSDT|LAZIO-USDT|None|None|None|LAZIOUSDT|3
PHBUSDT|None|None|phbusdt|None|PHBUSDT|3
LPTUSDT|None|None|lptusdt|LPT-USDT|LPTUSDT|2
APTUSDT|None|None|aptusdt|APT-USDT|APTUSDT|2
KLVUSDT|None|None|klvusdt|None|KLVUSDT|3
STEEMUSDT|None|None|steemusdt|None|STEEMUSDT|3
LOOKSUSDT|None|None|looksusdt|LOOKS-USDT|LOOKSUSDT|2
SNTUSDT|None|None|sntusdt|SNT-USDT|SNTUSDT|2
INJUSDT|None|None|injusdt|INJ-USDT|INJUSDT|2
DASHBTC|None|DASH_BTC|None|None|DASHBTC|3
SNXUSDT|None|None|snxusdt|SNX-USDT|SNXUSDT|2
WXTUSDT|None|None|wxtusdt|WXT-USDT|None|3
DORAUSDT|None|None|dorausdt|DORA-USDT|DORAUSDT|2
WBTUSDT|None|None|wbtusdt|None|WBTUSDT|3
WSMUSDT|None|None|wsmusdt|WSM-USDT|WSMUSDT|2
WAXLUSDT|None|None|waxlusdt|None|WAXLUSDT|3
VRAUSDT|None|None|vrausdt|VRA-USDT|VRAUSDT|2
BEAMXUSDT|None|None|beamxusdt|None|BEAMXUSDT|3
DAIUSDT|None|DAI_USDT|daiusdt|DAI-USDT|DAIUSDT|1
VELODROMEUSDT|None|None|None|VELODROME-USDT|VELODROMEUSDT|3
ZETAUSDT|None|None|zetausdt|ZETA-USDT|ZETAUSDT|2
POLSUSDT|None|None|polsusdt|POLS-USDT|POLSUSDT|2
PERPUSDT|None|None|perpusdt|PERP-USDT|PERPUSDT|2
DOTBTC|None|DOT_BTC|dotbtc|DOT-BTC|DOTBTC|1
1CATUSDT|None|None|1catusdt|None|1CATUSDT|3
HOTUSDT|None|None|hotusdt|None|HOTUSDT|3
UNIBOTUSDT|None|None|unibotusdt|None|UNIBOTUSDT|3
KAIUSDT|None|None|kaiusdt|None|KAIUSDT|3
UTKUSDT|None|None|utkusdt|UTK-USDT|None|3
QTUMUSDT|None|QTUM_USDT|qtumusdt|QTUM-USDT|QTUMUSDT|1
WBTCBTC|None|None|wbtcbtc|WBTC-BTC|None|3
LINAUSDT|None|None|linausdt|None|LINAUSDT|3
IDEXUSDT|None|None|idexusdt|None|IDEXUSDT|3
AMPUSDT|None|None|ampusdt|None|AMPUSDT|3
BTTUSDT|None|None|bttusdt|BTT-USDT|BTTUSDT|2
MBLUSDT|None|None|mblusdt|None|MBLUSDT|3
ALTUSDT|None|None|altusdt|None|ALTUSDT|3
PSGUSDT|None|None|psgusdt|None|PSGUSDT|3
SNSUSDT|None|None|snsusdt|None|SNSUSDT|3
VSYSUSDT|None|None|vsysusdt|VSYS-USDT|VSYSUSDT|2
ZKFUSDT|None|None|zkfusdt|None|ZKFUSDT|3
MEMEUSDT|None|None|memeusdt|MEME-USDT|MEMEUSDT|2
VICUSDT|None|None|vicusdt|None|VICUSDT|3
MXUSDT|None|None|mxusdt|None|MXUSDT|3
SDNUSDT|None|None|sdnusdt|None|SDNUSDT|3
XDCUSDT|None|None|xdcusdt|None|XDCUSDT|3
ARTYUSDT|None|None|artyusdt|ARTY-USDT|ARTYUSDT|2
SSWPUSDT|None|None|None|SSWP-USDT|SSWPUSDT|3
LUNAUSDT|LUNA-USDT|None|lunausdt|LUNA-USDT|LUNAUSDT|1
ENJUSDT|ENJ-USDT|None|enjusdt|ENJ-USDT|ENJUSDT|1
XMRUSDT|None|None|xmrusdt|None|XMRUSDT|3
SXPUSDT|None|None|sxpusdt|None|SXPUSDT|3
BZZUSDT|None|None|None|BZZ-USDT|BZZUSDT|3
NEXOUSDT|None|None|nexousdt|None|NEXOUSDT|3
LMWRUSDT|None|None|lmwrusdt|None|LMWRUSDT|3
ONTBTC|None|ONT_BTC|None|None|ONTBTC|3
LHINUUSDT|None|None|lhinuusdt|LHINU-USDT|None|3
BICOUSDT|None|None|bicousdt|BICO-USDT|BICOUSDT|2
BOBUSDT|None|None|bobusdt|None|BOBUSDT|3
MATICBTC|None|None|maticbtc|MATIC-BTC|None|3
AKITAUSDT|None|None|None|AKITA-USDT|AKITAUSDT|3
USTCUSDT|None|None|ustcusdt|USTC-USDT|USTCUSDT|2
CHZUSDT|CHZ-USDT|CHZ_USDT|chzusdt|CHZ-USDT|CHZUSDT|0
CTCUSDT|None|None|ctcusdt|CTC-USDT|CTCUSDT|2
STCUSDT|None|None|stcusdt|STC-USDT|STCUSDT|2
ARIXUSDT|None|None|arixusdt|None|ARIXUSDT|3
BTCTUSD|None|None|btctusd|None|BTCTUSD|3
CRUUSDT|None|None|cruusdt|None|CRUUSDT|3
LIKEUSDT|None|None|likeusdt|None|LIKEUSDT|3
CVXUSDT|None|None|cvxusdt|CVX-USDT|CVXUSDT|2
ETHWUSDT|ETHW-USDT|None|ethwusdt|ETHW-USDT|ETHWUSDT|1
FXUSDT|None|None|fxusdt|None|FXUSDT|3
BAKEUSDT|None|None|bakeusdt|None|BAKEUSDT|3
FUSEUSDT|None|None|fuseusdt|None|FUSEUSDT|3
